{
 "account": "",
 "act": "",
 "adjustment": "",
 "advertisement": "",
 "agreement": "",
 "air": "",
 "amount": "",
 "amusement": "",
 "angle": "",
 "animal": "",
 "answer": "",
 "ant": "",
 "apparatus": "",
 "apple": "",
 "approval": "",
 "arch": "",
 "argument": "",
 "arm": "",
 "army": "",
 "art": "",
 "attack": "",
 "attempt": "",
 "attention": "",
 "attraction": "",
 "authority": "",
 "baby": "",
 "back": "",
 "bag": "",
 "balance": "",
 "ball": "",
 "band": "",
 "base": "",
 "basin": "",
 "basket": "",
 "bath": "",
 "bed": "",
 "bee": "",
 "behavior": "",
 "belief": "",
 "bell": "",
 "berry": "",
 "bird": "",
 "birth": "",
 "bit": "",
 "bite": "",
 "blade": "",
 "blood": "",
 "blow": "",
 "board": "",
 "boat": "",
 "body": "",
 "bone": "",
 "book": "",
 "boot": "",
 "bottle": "",
 "box": "",
 "boy": "",
 "brain": "",
 "brake": "",
 "branch": "",
 "brass": "",
 "bread": "",
 "breath": "",
 "brick": "",
 "bridge": "",
 "brother": "",
 "brush": "",
 "bucket": "",
 "building": "",
 "bulb": "",
 "burn": "",
 "burst": "",
 "business": "",
 "butter": "",
 "button": "",
 "cake": "",
 "camera": "",
 "canvas": "",
 "card": "",
 "care": "",
 "carriage": "",
 "cart": "",
 "cat": "",
 "cause": "",
 "chain": "",
 "chalk": "",
 "chance": "",
 "change": "",
 "cheese": "",
 "chess": "",
 "chin": "",
 "church": "",
 "circle": "",
 "clock": "",
 "cloth": "",
 "cloud": "",
 "coal": "",
 "coat": "",
 "collar": "",
 "color": "",
 "comb": "",
 "comfort": "",
 "committee": "",
 "company": "",
 "comparison": "",
 "competition": "",
 "condition": "",
 "connection": "",
 "control": "",
 "cook": "",
 "copper": "",
 "copy": "",
 "cord": "",
 "cork": "",
 "cough": "",
 "country": "",
 "cover": "",
 "cow": "",
 "crack": "",
 "credit": "",
 "crime": "",
 "crush": "",
 "cry": "",
 "cup": "",
 "current": "",
 "curtain": "",
 "curve": "",
 "cushion": "",
 "damage": "",
 "danger": "",
 "daughter": "",
 "day": "",
 "death": "",
 "debt": "",
 "decision": "",
 "degree": "",
 "design": "",
 "desire": "",
 "destruction": "",
 "detail": "",
 "development": "",
 "digestion": "",
 "direction": "",
 "discovery": "",
 "discussion": "",
 "disease": "",
 "disgust": "",
 "distance": "",
 "distribution": "",
 "division": "",
 "dog": "",
 "door": "",
 "doubt": "",
 "drain": "",
 "drawer": "",
 "dress": "",
 "drink": "",
 "driving": "",
 "drop": "",
 "dust": "",
 "ear": "",
 "earth": "",
 "edge": "",
 "education": "",
 "effect": "",
 "egg": "",
 "end": "",
 "engine": "",
 "error": "",
 "event": "",
 "example": "",
 "exchange": "",
 "existence": "",
 "expansion": "",
 "experience": "",
 "expert": "",
 "eye": "",
 "face": "",
 "fact": "",
 "fall": "",
 "family": "",
 "farm": "",
 "father": "",
 "fear": "",
 "feather": "",
 "feeling": "",
 "fiction": "",
 "field": "",
 "fight": "",
 "finger": "",
 "fire": "",
 "fish": "",
 "flag": "",
 "flame": "",
 "flight": "",
 "floor": "",
 "flower": "",
 "fly": "",
 "fold": "",
 "food": "",
 "foot": "",
 "force": "",
 "fork": "",
 "form": "",
 "fowl": "",
 "frame": "",
 "friend": "",
 "front": "",
 "fruit": "",
 "garden": "",
 "girl": "",
 "glass": "",
 "glove": "",
 "goat": "",
 "gold": "",
 "government": "",
 "grain": "",
 "grass": "",
 "grip": "",
 "group": "",
 "growth": "",
 "guide": "",
 "gun": "",
 "hair": "",
 "hammer": "",
 "hand": "",
 "harbor": "",
 "harmony": "",
 "hat": "",
 "hate": "",
 "head": "",
 "hearing": "",
 "heart": "",
 "heat": "",
 "help": "",
 "history": "",
 "hole": "",
 "hook": "",
 "hope": "",
 "horn": "",
 "horse": "",
 "hospital": "",
 "hour": "",
 "house": "",
 "humor": "",
 "ice": "",
 "idea": "",
 "impulse": "",
 "increase": "",
 "industry": "",
 "ink": "",
 "insect": "",
 "instrument": "",
 "insurance": "",
 "interest": "",
 "invention": "",
 "iron": "",
 "island": "",
 "jelly": "",
 "jewel": "",
 "join": "",
 "journey": "",
 "judge": "",
 "jump": "",
 "kettle": "",
 "key": "",
 "kick": "",
 "kiss": "",
 "knee": "",
 "knife": "",
 "knot": "",
 "knowledge": "",
 "land": "",
 "language": "",
 "laugh": "",
 "lead": "",
 "leaf": "",
 "learning": "",
 "leather": "",
 "leg": "",
 "letter": "",
 "level": "",
 "library": "",
 "lift": "",
 "light": "",
 "limit": "",
 "line": "",
 "linen": "",
 "lip": "",
 "liquid": "",
 "list": "",
 "lock": "",
 "look": "",
 "loss": "",
 "love": "",
 "low": "",
 "machine": "",
 "man": "",
 "manager": "",
 "map": "",
 "mark": "",
 "market": "",
 "mass": "",
 "match": "",
 "meal": "",
 "measure": "",
 "meat": "",
 "meeting": "",
 "memory": "",
 "metal": "",
 "middle": "",
 "milk": "",
 "mind": "",
 "mine": "",
 "minute": "",
 "mist": "",
 "money": "",
 "monkey": "",
 "month": "",
 "moon": "",
 "morning": "",
 "mother": "",
 "motion": "",
 "mountain": "",
 "mouth": "",
 "move": "",
 "muscle": "",
 "music": "",
 "nail": "",
 "name": "",
 "nation": "",
 "neck": "",
 "need": "",
 "needle": "",
 "nerve": "",
 "net": "",
 "news": "",
 "night": "",
 "noise": "",
 "nose": "",
 "note": "",
 "number": "",
 "nut": "",
 "observation": "",
 "offer": "",
 "office": "",
 "oil": "",
 "operation": "",
 "opinion": "",
 "orange": "",
 "order": "",
 "organization": "",
 "ornament": "",
 "oven": "",
 "owner": "",
 "page": "",
 "pain": "",
 "paint": "",
 "paper": "",
 "parcel": "",
 "part": "",
 "paste": "",
 "payment": "",
 "peace": "",
 "pen": "",
 "pencil": "",
 "person": "",
 "picture": "",
 "pig": "",
 "pin": "",
 "pipe": "",
 "place": "",
 "plane": "",
 "plant": "",
 "plate": "",
 "play": "",
 "pleasure": "",
 "plough": "",
 "pocket": "",
 "point": "",
 "poison": "",
 "polish": "",
 "porter": "",
 "position": "",
 "pot": "",
 "potato": "",
 "powder": "",
 "power": "",
 "price": "",
 "print": "",
 "prison": "",
 "process": "",
 "produce": "",
 "profit": "",
 "property": "",
 "prose": "",
 "protest": "",
 "pull": "",
 "pump": "",
 "punishment": "",
 "purpose": "",
 "push": "",
 "quality": "",
 "question": "",
 "rail": "",
 "rain": "",
 "range": "",
 "rat": "",
 "rate": "",
 "ray": "",
 "reaction": "",
 "reading": "",
 "reason": "",
 "receipt": "",
 "record": "",
 "regret": "",
 "relation": "",
 "religion": "",
 "representative": "",
 "request": "",
 "respect": "",
 "rest": "",
 "reward": "",
 "rhythm": "",
 "rice": "",
 "ring": "",
 "river": "",
 "road": "",
 "rod": "",
 "roll": "",
 "roof": "",
 "room": "",
 "root": "",
 "rub": "",
 "rule": "",
 "run": "",
 "sail": "",
 "salt": "",
 "sand": "",
 "scale": "",
 "school": "",
 "science": "",
 "scissors": "",
 "screw": "",
 "sea": "",
 "seat": "",
 "secretary": "",
 "seed": "",
 "selection": "",
 "self": "",
 "sense": "",
 "servant": "",
 "sex": "",
 "shade": "",
 "shake": "",
 "shame": "",
 "sheep": "",
 "shelf": "",
 "ship": "",
 "shirt": "",
 "shock": "",
 "shoe": "",
 "side": "",
 "sign": "",
 "silk": "",
 "silver": "",
 "sister": "",
 "size": "",
 "skin": "",
 "skirt": "",
 "sky": "",
 "sleep": "",
 "slip": "",
 "slope": "",
 "smash": "",
 "smell": "",
 "smile": "",
 "smoke": "",
 "snake": "",
 "sneeze": "",
 "snow": "",
 "soap": "",
 "society": "",
 "sock": "",
 "son": "",
 "song": "",
 "sort": "",
 "sound": "",
 "soup": "",
 "space": "",
 "spade": "",
 "sponge": "",
 "spoon": "",
 "spring": "",
 "square": "",
 "stage": "",
 "stamp": "",
 "star": "",
 "start": "",
 "statement": "",
 "station": "",
 "steam": "",
 "steel": "",
 "stem": "",
 "step": "",
 "stick": "",
 "stitch": "",
 "stocking": "",
 "stomach": "",
 "stone": "",
 "stop": "",
 "store": "",
 "story": "",
 "street": "",
 "stretch": "",
 "structure": "",
 "substance": "",
 "sugar": "",
 "suggestion": "",
 "summer": "",
 "sun": "",
 "support": "",
 "surprise": "",
 "swim": "",
 "system": "",
 "table": "",
 "tail": "",
 "talk": "",
 "taste": "",
 "tax": "",
 "teaching": "",
 "tendency": "",
 "test": "",
 "theory": "",
 "thing": "",
 "thought": "",
 "thread": "",
 "throat": "",
 "thumb": "",
 "thunder": "",
 "ticket": "",
 "time": "",
 "tin": "",
 "toe": "",
 "tongue": "",
 "tooth": "",
 "top": "",
 "touch": "",
 "town": "",
 "trade": "",
 "train": "",
 "transport": "",
 "tray": "",
 "tree": "",
 "trick": "",
 "trouble": "",
 "trousers": "",
 "turn": "",
 "twist": "",
 "umbrella": "",
 "unit": "",
 "use": "",
 "value": "",
 "verse": "",
 "vessel": "",
 "view": "",
 "voice": "",
 "walk": "",
 "wall": "",
 "war": "",
 "wash": "",
 "waste": "",
 "watch": "",
 "water": "",
 "wave": "",
 "wax": "",
 "way": "",
 "weather": "",
 "week": "",
 "weight": "",
 "wheel": "",
 "whip": "",
 "whistle": "",
 "wind": "",
 "window": "",
 "wine": "",
 "wing": "",
 "winter": "",
 "wire": "",
 "woman": "",
 "wood": "",
 "wool": "",
 "word": "",
 "work": "",
 "worm": "",
 "wound": "",
 "writing": "",
 "year": ""
}